rank,query_alias,hit_index,source_system,source_id,title,year,venue,doi_or_url,abstract_or_notes,raw_cache_path,tier,score,candidate_for_gates,evidence_status,claim_boundary,acquisition_next_step
1,UGC 7125,1,OpenAlex,https://doi.org/10.1051/0004-6361:20020976,Neutral hydrogen and optical observations of edge-on galaxies: Hunting for warps,2002.0,Astronomy and Astrophysics,https://doi.org/10.1051/0004-6361:20020976,"We present 21-cm HI line and optical R-band observations for a sample of 26 edge-on galaxies. The HI observations were obtained with the Westerbork Synthesis Radio Telescope, and are part of the WHISP database (Westerbork HI Survey of Spiral and Irregular Galaxies). We present HI maps, optical images, and radial HI density profiles. We have also derived the rotation curves and studied the warping and lopsidedness of the HI disks. 20 out of the 26 galaxies of our sample are warped, confirming that warping of the HI disks is a very common phenomenon in disk galaxies. Indeed, we find that all galaxies that have an extended HI disk with respect to the optical are warped. The warping usually starts around the edge of the optical disk. The degree of warping varies considerably from galaxy to galaxy. Furthermore, many warps are asymmetric, as they show up in only one side of the disk or exhibit large differences in amplitude in the approaching and receding sides of the galaxy. These asymmetries are more pronounced in rich environments, which may indicate that tidal interactions are a source of warp asymmetry. A rich environment tends to produce larger warps as well. The presence of lopsidedness seems to be related to the presence of nearby companions.",/home/jenholm/photonland/cghs/cghstc_34/data/external/m31_literature_audit/openalex_UGC_7125.json,A,155,environment_tidal_history;hi_surface_density_participation;outer_curve_reliability;resolved_hi_velocity_field,candidate_source_found_evidence_not_extracted,Tier A candidate source; resolved/HI evidence not confirmed until full text/maps are acquired and extracted,Acquire full text and any linked H I maps/velocity fields/surface-density products; extract UGC07125-specific notes.
2,UGC 7125,4,OpenAlex,https://doi.org/10.1051/0004-6361:20011755,The Westerbork HI survey of spiral and irregular galaxies,2002.0,Astronomy and Astrophysics,https://doi.org/10.1051/0004-6361:20011755,"Neutral hydrogen observations with the Westerbork Synthesis Radio Telescope are presented for a sample of 73 late-type dwarf galaxies. These observations are part of the WHISP project (Westerbork Survey of Spiral and Irregular Galaxies). Here we present maps, velocity fields, global profiles and radial surface density profiles of , as well as masses, radii and line widths. For the late-type galaxies in our sample, we find that the ratio of extent to optical diameter, defined as 6.4 disk scale lengths, is on average 1.8 ± 0.8, similar to that seen in spiral galaxies. Most of the dwarf galaxies in this sample are rich in with a typical of 1.5. The relative content increases towards fainter absolute magnitudes and towards fainter surface brightnesses. Dwarf galaxies with lower average column densities also have lower average optical surface brightnesses. We find that lopsidedness is as common among dwarf galaxies as it is in spiral galaxies. About half of the dwarf galaxies in our sample have asymmetric global profiles, a third has a lopsided distribution, and about half shows signs of kinematic lopsidedness.",/home/jenholm/photonland/cghs/cghstc_34/data/external/m31_literature_audit/openalex_UGC_7125.json,A,155,environment_tidal_history;hi_surface_density_participation;outer_curve_reliability;resolved_hi_velocity_field,candidate_source_found_evidence_not_extracted,Tier A candidate source; resolved/HI evidence not confirmed until full text/maps are acquired and extracted,Acquire full text and any linked H I maps/velocity fields/surface-density products; extract UGC07125-specific notes.
3,RFGC 2197,4,Crossref,https://doi.org/10.1023/a:1023379504085,Comparison of Velocity Fields of the Galaxies From the Catalogs RFGC and MarkIII,2003.0,Astrophysics and Space Science,https://doi.org/10.1023/a:1023379504085,,/home/jenholm/photonland/cghs/cghstc_34/data/external/m31_literature_audit/crossref_RFGC_2197.json,A,120,outer_curve_reliability;resolved_hi_velocity_field,candidate_source_found_evidence_not_extracted,Tier A candidate source; resolved/HI evidence not confirmed until full text/maps are acquired and extracted,Acquire full text and any linked H I maps/velocity fields/surface-density products; extract UGC07125-specific notes.
4,UGC 7125,5,OpenAlex,https://doi.org/10.1051/0004-6361/201936504,Slowly rotating Bose–Einstein condensate compared with the rotation curves of 12 dwarf galaxies,2019.0,Astronomy and Astrophysics,https://doi.org/10.1051/0004-6361/201936504,"Context. The high plateaus of the rotation curves of spiral galaxies suggest either that there is a dark component or that the Newtonian gravity requires modifications on galactic scales to explain the observations. We assemble a database of 12 dwarf galaxies, for which optical ( R -band) and near-infrared (3.6 μ m) surface brightness density together with spectroscopic rotation curve data are available, in order to test the slowly rotating Bose–Einstein condensate (BEC) dark matter model. Aims. We aim to establish the angular velocity range compatible with observations, bounded from above by the requirement of finite-size halos, to check the model fits with the dataset, and the universality of the BEC halo parameter ℛ. Methods. We constructed the spatial luminosity density of the stellar component of the dwarf galaxies based on their 3.6 μ m and R -band surface brightness profiles, assuming an axisymmetric baryonic mass distribution with arbitrary axis ratio. We built up the gaseous component of the mass by employing an inside-truncated disk model. We fitted a baryonic plus dark matter combined model, parametrized by the M / L ratios of the baryonic components and parameters of the slowly rotating BEC (the central density ρ c , size of the BEC halo ℛ in the static limit, angular velocity ω ) to the rotation curve data. Results. The 3.6 μ m surface brightness of six galaxies indicates the presence of a bulge and a disk component. The shape of the 3.6 μ m and R -band spatial mass density profiles being similar is consistent with the stellar mass of the galaxies emerging wavelength-independent. The slowly rotating BEC model fits the rotation curve of 11 galaxies out of 12 within the 1 σ significance level, with the average of ℛ as 7.51 kpc and standard deviation of 2.96 kpc. This represents an improvement over the static BEC model fits, also discussed. For the 11 best-fitting galaxies the angular velocities allowing for a finite-size slowly rotating BEC halo are less then 2.2 × 10 −16 s −1 .For a scattering length of the BEC particle of a ≈ 10 6 fm, as allowed by terrestrial laboratory experiments, the mass of the BEC particle is slightly better constrained than in the static case as m ∈ [1.26 × 10 −17 ÷ 3.08 × 10 −17 ] (eV c −2 ).",/home/jenholm/photonland/cghs/cghstc_34/data/external/m31_literature_audit/openalex_UGC_7125.json,A,120,hi_surface_density_participation;outer_curve_reliability;resolved_hi_velocity_field,candidate_source_found_evidence_not_extracted,Tier A candidate source; resolved/HI evidence not confirmed until full text/maps are acquired and extracted,Acquire full text and any linked H I maps/velocity fields/surface-density products; extract UGC07125-specific notes.
5,UGC07125,6,OpenAlex,https://doi.org/10.22201/ia.01851101p.2023.59.02.07,MASS PROFILES OF LATE GALAXIES USING A GENETIC ALGORITHM. I - TESTING THE ALGORITHM,2023.0,Revista Mexicana de Astronomía y Astrofísica,https://doi.org/10.22201/ia.01851101p.2023.59.02.07,"The rotation curve of a galaxy contains a wealth of information about its dynamical properties, being the mass distribution one of the most important. The rotation curve fitting procedures used to estimate the mass profiles of disc galaxies have become more sophisticated over the years, providing ever more reliable results. However, the time-cost and data requirements (e.g. high-resolution NIR photometry) necessary to put to use some of them have restricted these kind of studies to small samples of galaxies. We propose a simple procedure that could be used as a good first approximation for the study of large galaxy samples. It is based on a parameter-fitting method along with a recent optimization algorithm, called the Asexual Genetic Algorithm (AGA). With this procedure, we were able to replicate previously published results, within uncertainties, suggesting that it will provide a reliable first estimation, suitable for its application to large galaxy samples.",/home/jenholm/photonland/cghs/cghstc_34/data/external/m31_literature_audit/openalex_UGC07125.json,A,120,outer_curve_reliability;resolved_hi_velocity_field,candidate_source_found_evidence_not_extracted,Tier A candidate source; resolved/HI evidence not confirmed until full text/maps are acquired and extracted,Acquire full text and any linked H I maps/velocity fields/surface-density products; extract UGC07125-specific notes.
6,UGC07125,7,OpenAlex,https://doi.org/10.48550/arxiv.2405.16650,Bounding the Cosmological Constant using Galactic Rotation Curves from the SPARC Dataset,2024.0,arXiv (Cornell University),https://doi.org/10.48550/arxiv.2405.16650,"Dark energy (and its simplest model, the Cosmological Constant or $Λ$) acts as a repulsive force that opposes gravitational attraction. Assuming galaxies maintain a steady state over extended periods, the estimated upper limit on $Λ$ studies its pushback to the attractive gravitational force of dark matter. From the SPARC dataset, we select galaxies that are best fitted by the Navarro-Frenk-White (NFW) and Hernquist density models. Introducing the presence of $Λ$ in these galaxies helps to establish the upper limit on its repulsive force. This upper limit on $Λ$ is around $ρ_{\left(&lt;Λ\right)} \sim 10^{-25}$~kg/m$^3$, only two orders of magnitude higher than the one measured by Planck. {We show that for galaxies with detectable velocities far from the galaxy core, the upper limit on $Λ$ is lower. Furthermore, we show that galaxies and other systems follow the same principle: for larger orbital periods the upper limit on $Λ$ is lower. Consequently, we address the implications for future measurements on the upper limit and the condition for detecting the impact of $Λ$ on galactic scales.",/home/jenholm/photonland/cghs/cghstc_34/data/external/m31_literature_audit/openalex_UGC07125.json,A,120,outer_curve_reliability;resolved_hi_velocity_field,candidate_source_found_evidence_not_extracted,Tier A candidate source; resolved/HI evidence not confirmed until full text/maps are acquired and extracted,Acquire full text and any linked H I maps/velocity fields/surface-density products; extract UGC07125-specific notes.
7,UGC07125,9,OpenAlex,https://doi.org/10.48550/arxiv.2403.00531,Phenomenology of renormalization group improved gravity from the kinematics of SPARC galaxies,2024.0,arXiv (Cornell University),https://doi.org/10.48550/arxiv.2403.00531,"Renormalization Group correction to General Relativity (RGGR) proposes a logarithmic running of the gravitational coupling $\left(G\right)$, resulting in a modified description of gravity. This has the potential to explain the observed kinematics of the galaxies, including the missing-mass problem. We, for the first time, based on the galaxy morphological types, investigate the dynamics of a diverse collection of galaxies present in the Spitzer Photometry for Accurate Rotation Curve (SPARC) catalog. We phenomenologically constrain the RGGR model parameter $\left(\barν\right)$ along with the mass-to-light ratio for a sample of 100 SPARC galaxies, selected from four different morphological types, viz. early, spiral, late, and starburst. Our statistical analysis finds RGGR to fit the observed galaxy kinematics consistently. The constrained RGGR model parameter also supports the claim that it has a near-linear dependence on the galactic baryonic mass. From our morphology study, we find that the parameter $\barν$ decreases from the early-type to the starburst galaxies. Finally, the renormalization group improved gravity is tested against the two established empirical relations for the SPARC catalog, viz., the Radial Acceleration Relation (RAR) and the Baryonic Tully Fisher relation (BTFR), both are found to be satisfied consistently.",/home/jenholm/photonland/cghs/cghstc_34/data/external/m31_literature_audit/openalex_UGC07125.json,A,120,environment_tidal_history;outer_curve_reliability;resolved_hi_velocity_field;stellar_population_age_metallicity,candidate_source_found_evidence_not_extracted,Tier A candidate source; resolved/HI evidence not confirmed until full text/maps are acquired and extracted,Acquire full text and any linked H I maps/velocity fields/surface-density products; extract UGC07125-specific notes.
8,UGC 7125,2,OpenAlex,https://doi.org/10.1051/0004-6361:20066941,Truncations of stellar disks and warps of HI-layers in edge-on spiral galaxies,2007.0,Astronomy and Astrophysics,https://doi.org/10.1051/0004-6361:20066941,"Context.Edge-on spiral galaxies often have stellar disks with relatively sharp truncations and there is extensive observational material of warped HI-layers in the outer parts. Warps appear to start preferentially near the optical boundaries of the disks, but the possible relation between truncations and warps has not been studied in detail.",/home/jenholm/photonland/cghs/cghstc_34/data/external/m31_literature_audit/openalex_UGC_7125.json,A,110,outer_curve_reliability;resolved_hi_velocity_field,candidate_source_found_evidence_not_extracted,Tier A candidate source; resolved/HI evidence not confirmed until full text/maps are acquired and extracted,Acquire full text and any linked H I maps/velocity fields/surface-density products; extract UGC07125-specific notes.
9,SPARC Ref for UGC07125,0,SPARC_main_table_reference,Sw02,"SPARC UGC07125 original H I / rotation-curve source reference: Swaters, R.A. 2002, A&A, 390, 829",2002.0,SPARC_Lelli2016c.mrt reference list,/home/jenholm/photonland/cghs/cghstc_34/data/external/m30_web_probe/SPARC_Lelli2016c.mrt,"UGC07125 SPARC Ref field is Sw09,Sw02; SPARC labels these as references for HI and Ha data. Treat as original rotation-curve/outer-curve reliability candidate sources, not extracted full text in M31.",/home/jenholm/photonland/cghs/cghstc_34/data/external/m30_web_probe/SPARC_Lelli2016c.mrt,A,90,source_discovery_only,candidate_source_found_evidence_not_extracted,Tier A candidate source; resolved/HI evidence not confirmed until full text/maps are acquired and extracted,Acquire full text and extract rotation-curve reliability details.
10,SPARC Ref for UGC07125,0,SPARC_main_table_reference,Sw09,"SPARC UGC07125 original H I / rotation-curve source reference: Swaters, R.A. 2009, A&A, 493, 871",2009.0,SPARC_Lelli2016c.mrt reference list,/home/jenholm/photonland/cghs/cghstc_34/data/external/m30_web_probe/SPARC_Lelli2016c.mrt,"UGC07125 SPARC Ref field is Sw09,Sw02; SPARC labels these as references for HI and Ha data. Treat as original rotation-curve/outer-curve reliability candidate sources, not extracted full text in M31.",/home/jenholm/photonland/cghs/cghstc_34/data/external/m30_web_probe/SPARC_Lelli2016c.mrt,A,90,source_discovery_only,candidate_source_found_evidence_not_extracted,Tier A candidate source; resolved/HI evidence not confirmed until full text/maps are acquired and extracted,Acquire full text and extract rotation-curve reliability details.
11,MCG+06-27-014,0,Crossref,https://doi.org/10.1086/185835,MCG 06-45-001 - Not a local group galaxy,1990.0,The Astrophysical Journal,https://doi.org/10.1086/185835,,/home/jenholm/photonland/cghs/cghstc_34/data/external/m31_literature_audit/crossref_MCG_06_27_014.json,B,50,environment_tidal_history,candidate_source_found_evidence_not_extracted,Tier B ancillary source; useful for context but not decisive without extraction,Acquire full text/catalog table and extract UGC07125 SFR/population/environment rows if present.
12,SDSS J120842.33+364809.9,2,Crossref,https://doi.org/10.1111/j.1365-2966.2004.07843.x,"High-speed photometry of faint cataclysmic variables - IV. V356 Aql, Aqr1, FIRST J1023+0038, Hα 0242-2802, GI Mon, AO Oct, V972 Oph, SDSS 0155+00, SDSS 0233+00, SDSS 1240−01, SDSS 1556−00, SDSS 2050−05, FH Ser",2004.0,Monthly Notices of the Royal Astronomical Society,https://doi.org/10.1111/j.1365-2966.2004.07843.x,,/home/jenholm/photonland/cghs/cghstc_34/data/external/m31_literature_audit/crossref_SDSS_J120842_33_364809_9.json,B,50,stellar_population_age_metallicity,candidate_source_found_evidence_not_extracted,Tier B ancillary source; useful for context but not decisive without extraction,Acquire full text/catalog table and extract UGC07125 SFR/population/environment rows if present.
13,SDSS J120842.33+364809.9,0,Crossref,https://doi.org/10.1134/s1063773707080014,Voids in the SDSS galaxy survey,2007.0,Astronomy Letters,https://doi.org/10.1134/s1063773707080014,,/home/jenholm/photonland/cghs/cghstc_34/data/external/m31_literature_audit/crossref_SDSS_J120842_33_364809_9.json,B,50,stellar_population_age_metallicity,candidate_source_found_evidence_not_extracted,Tier B ancillary source; useful for context but not decisive without extraction,Acquire full text/catalog table and extract UGC07125 SFR/population/environment rows if present.
14,MCG+06-27-014,5,OpenAlex,https://doi.org/10.1051/0004-6361/201322489,The applicability of far-infrared fine-structure lines as star formation rate tracers over wide ranges of metallicities and galaxy types,2014.0,Astronomy and Astrophysics,https://doi.org/10.1051/0004-6361/201322489,"Aims. We analyze the applicability of far-infrared fine-structure lines [C] 158 m, [O] 63 m, and [O] 88 m to reliably trace the star formation rate (SFR) in a sample of low-metallicity dwarf galaxies from the Herschel Dwarf Galaxy Survey and, furthermore, extend the analysis to a broad sample of galaxies of various types and metallicities in the literature. Methods. We study the trends and scatter in the relation between the SFR (as traced by GALEX FUV and MIPS 24 m) and farinfrared line emission, on spatially resolved and global galaxy scales, in dwarf galaxies. We assemble far-infrared line measurements from the literature and infer whether the far-infrared lines can probe the SFR (as traced by the total infrared luminosity) in a variety of galaxy populations. Results. In metal-poor dwarfs, the [O] 63 and [O] 88 lines show the strongest correlation with the SFR with an uncertainty on the SFR estimates better than a factor of 2, while the link between [C] emission and the SFR is more dispersed (uncertainty factor of 2.6). The increased scatter in the SFR-L [CII] relation toward low metal abundances, warm dust temperatures, and large filling factors of diffuse, highly ionized gas suggests that other cooling lines start to dominate depending on the density and ionization state of the gas. For the literature sample, we evaluate the correlations for a number of different galaxy populations. The [C] and [O] 63 lines are considered to be reliable SFR tracers in starburst galaxies, recovering the star formation activity within an uncertainty of factor 2. For sources with composite and active galactic nucleus (AGN) classifications, all three FIR lines can recover the SFR with an uncertainty factor of 2.3. The SFR calibrations for ultra-luminous infrared galaxies (ULIRGs) are similar to starbursts/AGNs in terms of scatter but offset from the starburst/AGN SFR relations because of line deficits relative to their total infrared luminosity. While the number of detections of the FIR fine-structure lines is still very limited at high redshift for [O] 63 and [O] 88 , we provide an SFR calibration for [C].",/home/jenholm/photonland/cghs/cghstc_34/data/external/m31_literature_audit/openalex_MCG_06_27_014.json,B,50,star_formation_efficiency;stellar_population_age_metallicity,candidate_source_found_evidence_not_extracted,Tier B ancillary source; useful for context but not decisive without extraction,Acquire full text/catalog table and extract UGC07125 SFR/population/environment rows if present.
15,UGC 7125,0,OpenAlex,https://doi.org/10.1088/0067-0049/217/2/32,A CLASSICAL MORPHOLOGICAL ANALYSIS OF GALAXIES IN THE SPITZER SURVEY OF STELLAR STRUCTURE IN GALAXIES (S 4 G),2015.0,The Astrophysical Journal Supplement Series,https://doi.org/10.1088/0067-0049/217/2/32,"The Spitzer Survey of Stellar Structure in Galaxies (S 4 G) is the largest available database of deep, homogeneous middle-infrared (mid-IR) images of galaxies of all types. The survey, which includes 2352 nearby galaxies, reveals galaxy morphology only minimally affected by interstellar extinction. This paper presents an atlas and classifications of S 4 G galaxies in the Comprehensive de Vaucouleurs revised Hubble-Sandage (CVRHS) system. The CVRHS system follows the precepts of classical de Vaucouleurs morphology, modified to include recognition of other features such as inner, outer, and nuclear lenses, nuclear rings, bars, and disks, spheroidal galaxies, X patterns and box/peanut structures, OLR subclass outer rings and pseudorings, bar ansae and barlenses, parallel sequence latetypes, thick disks, and embedded disks in 3D early-type systems. We show that our CVRHS classifications are internally consistent, and that nearly half of the S 4 G sample consists of extreme late-type systems (mostly bulgeless, pure disk galaxies) in the range Scd-Im. The most common family classification for mid-IR types S0/a to Sc is SA while that for types Scd to Sm is SB. The bars in these two type domains are very different in mid-IR structure and morphology. This paper examines the bar, ring, and type classification fractions in the sample, and also includes several montages of images highlighting the various kinds of ""stellar structures"" seen in mid-IR galaxy morphology.",/home/jenholm/photonland/cghs/cghstc_34/data/external/m31_literature_audit/openalex_UGC_7125.json,B,50,stellar_population_age_metallicity,candidate_source_found_evidence_not_extracted,Tier B ancillary source; useful for context but not decisive without extraction,Acquire full text/catalog table and extract UGC07125 SFR/population/environment rows if present.
16,UGC 7125,3,OpenAlex,https://doi.org/10.1093/mnras/staa1256,Robust H i kinematics of gas-rich ultra-diffuse galaxies: hints of a weak-feedback formation scenario,2020.0,Monthly Notices of the Royal Astronomical Society,https://doi.org/10.1093/mnras/staa1256,"ABSTRACT We study the gas kinematics of a sample of six isolated gas-rich low surface brightness galaxies, of the class called ultra-diffuse galaxies (UDGs). These galaxies have recently been shown to be outliers from the baryonic Tully–Fisher relation (BTFR), as they rotate much slower than expected given their baryonic mass, and to have a baryon fraction similar to the cosmological mean. By means of a 3D kinematic modelling fitting technique, we show that the H i in our UDGs is distributed in ‘thin’ regularly rotating discs and we determine their rotation velocity and gas velocity dispersion. We revisit the BTFR adding galaxies from other studies. We find a previously unknown trend between the deviation from the BTFR and the exponential disc scale length valid for dwarf galaxies with circular speeds ≲ 45 km s−1, with our UDGs being at the extreme end. Based on our findings, we suggest that the high baryon fractions of our UDGs may originate due to the fact that they have experienced weak stellar feedback, likely due to their low star formation rate surface densities, and as a result they did not eject significant amounts of gas out of their discs. At the same time, we find indications that our UDGs may have higher-than-average stellar specific angular momentum, which can explain their large optical scale lengths.",/home/jenholm/photonland/cghs/cghstc_34/data/external/m31_literature_audit/openalex_UGC_7125.json,B,50,outer_curve_reliability;resolved_hi_velocity_field;star_formation_efficiency,candidate_source_found_evidence_not_extracted,Tier B ancillary source; useful for context but not decisive without extraction,Acquire full text/catalog table and extract UGC07125 SFR/population/environment rows if present.
17,UGC07125,3,OpenAlex,https://doi.org/10.1051/0004-6361/202142158,PGIR 20eid (SN 2020qmp): A Type IIP Supernova at 15.6 Mpc discovered by the Palomar Gattini-IR survey,2022.0,Astronomy and Astrophysics,https://doi.org/10.1051/0004-6361/202142158,"Aims. We present a detailed analysis of SN 2020qmp, a nearby Type IIP core-collapse supernova (CCSN) that was discovered by the Palomar Gattini-IR survey in the galaxy UGC07125 (distance of ≈15.6 ± 4 Mpc). We illustrate how the multiwavelength study of this event helps our general understanding of stellar progenitors and circumstellar medium (CSM) interactions in CCSNe. We highlight the importance of near-infrared (NIR) surveys for detections of supernovae in dusty environments. Methods. We analyze data from observations in various bands: radio, NIR, optical, and X-rays. We use optical and NIR data for a spectroscopic and spectro-polarimetric study of the supernova and to model its light curve (LC). We obtain an estimate of the zero-age main-sequence (ZAMS) progenitor mass from the luminosity of the [O I ] doublet lines ( λλ 6300, 6364) normalized to the decay power of 56 Co. We also independently estimate the explosion energy and ZAMS progenitor mass through hydrodynamical LC modeling. From radio and X-ray observations, we derive the mass-loss rate and microphysical parameters of the progenitor star, and we investigate possible deviations from energy equipartition of magnetic fields and electrons in a standard CSM interaction model. Finally, we simulate a sample of CCSNe with plausible distributions of brightness and extinction, within 40 Mpc, and test what fraction of the sample is detectable at peak light by NIR surveys versus optical surveys. Results. SN 2020qmp displays characteristic hydrogen lines in its optical spectra as well as a plateau in its optical LC, hallmarks of a Type IIP supernova. We do not detect linear polarization during the plateau phase, with a 3 σ upper limit of 0.78%. Through hydrodynamical LC modeling and an analysis of its nebular spectra, we estimate a ZAMS progenitor mass of around 11.0 M ⊙ and an explosion energy of around 0.8 × 10 51 erg. We find that the spectral energy distribution cannot be explained by a simple CSM interaction model, assuming a constant shock velocity and a steady mass-loss rate. In particular, the excess X-ray luminosity compared with the synchrotron radio luminosity suggests deviations from equipartition. Finally, we demonstrate the advantages of NIR surveys over optical surveys for the detection of dust-obscured CCSNe in the local Universe. Specifically, our simulations show that the Wide-Field Infrared Transient Explorer will detect up to 14 more CCSNe (out of the 75 expected in its footprint) within 40 Mpc over five years than would an optical survey equivalent to the Zwicky Transient Facility. Conclusions. We have determined or constrained the main properties of SN 2020qmp and its progenitor, highlighting the value of multiwavelength follow-up observations of nearby CCSNe. We have shown that forthcoming NIR surveys will enable us to improve constraints on the local CCSN rate by detecting obscured supernovae that would be missed by optical searches.",/home/jenholm/photonland/cghs/cghstc_34/data/external/m31_literature_audit/openalex_UGC07125.json,B,50,environment_tidal_history,candidate_source_found_evidence_not_extracted,Tier B ancillary source; useful for context but not decisive without extraction,Acquire full text/catalog table and extract UGC07125 SFR/population/environment rows if present.
18,SDSS J120842.33+364809.9,3,Crossref,https://doi.org/10.2172/1996529,Transformation Coefficients between SDSS and DES Magnitudes,2023.0,Transformation Coefficients between SDSS and DES Magnitudes,https://doi.org/10.2172/1996529,,/home/jenholm/photonland/cghs/cghstc_34/data/external/m31_literature_audit/crossref_SDSS_J120842_33_364809_9.json,B,50,stellar_population_age_metallicity,candidate_source_found_evidence_not_extracted,Tier B ancillary source; useful for context but not decisive without extraction,Acquire full text/catalog table and extract UGC07125 SFR/population/environment rows if present.
19,SDSS J120842.33+364809.9,1,Crossref,https://doi.org/10.1007/springerreference_62828,SDSS,,SpringerReference,https://doi.org/10.1007/springerreference_62828,,/home/jenholm/photonland/cghs/cghstc_34/data/external/m31_literature_audit/crossref_SDSS_J120842_33_364809_9.json,B,50,stellar_population_age_metallicity,candidate_source_found_evidence_not_extracted,Tier B ancillary source; useful for context but not decisive without extraction,Acquire full text/catalog table and extract UGC07125 SFR/population/environment rows if present.
20,RFGC 2197,1,Crossref,https://doi.org/10.1023/a:1021803028742,Flat Galaxies of the RFGC Catalog Detected in the HIPASS Survey,2002.0,Astrophysics,https://doi.org/10.1023/a:1021803028742,,/home/jenholm/photonland/cghs/cghstc_34/data/external/m31_literature_audit/crossref_RFGC_2197.json,C,0,source_discovery_only,source_discovery_only,candidate source only; evidence not confirmed or extracted,Keep as discovery/provenance only unless another source points here.
21,SIMBAD bibcode list,0,SIMBAD_bibcode,2006AJ....131.1163S,SIMBAD bibliography entry 2006AJ....131.1163S,2006.0,SIMBAD bibliography,https://ui.adsabs.harvard.edu/abs/2006AJ....131.1163S/abstract,Bibliography/source-discovery hit only; title/evidence not extracted by M31 without ADS metadata API.,/home/jenholm/photonland/cghs/cghstc_34/data/external/m30_web_probe/UGC07125_simbad_ascii.txt,C,0,source_discovery_only,source_discovery_only,candidate source only; evidence not confirmed or extracted,Keep as discovery/provenance only unless another source points here.
22,SIMBAD bibcode list,7,SIMBAD_bibcode,2009ApJS..182,SIMBAD bibliography entry 2009ApJS..182,2009.0,SIMBAD bibliography,https://ui.adsabs.harvard.edu/abs/2009ApJS..182/abstract,Bibliography/source-discovery hit only; title/evidence not extracted by M31 without ADS metadata API.,/home/jenholm/photonland/cghs/cghstc_34/data/external/m30_web_probe/UGC07125_simbad_ascii.txt,C,0,source_discovery_only,source_discovery_only,candidate source only; evidence not confirmed or extracted,Keep as discovery/provenance only unless another source points here.
23,RFGC 2197,2,Crossref,https://doi.org/10.1007/s10509-009-0176-6,Large-scale collective motion of RFGC galaxies,2010.0,Astrophysics and Space Science,https://doi.org/10.1007/s10509-009-0176-6,,/home/jenholm/photonland/cghs/cghstc_34/data/external/m31_literature_audit/crossref_RFGC_2197.json,C,0,source_discovery_only,source_discovery_only,candidate source only; evidence not confirmed or extracted,Keep as discovery/provenance only unless another source points here.
24,RFGC 2197,3,Crossref,https://doi.org/10.1007/s10509-010-0476-x,Large-scale collective motion of RFGC galaxies in curved space-time,2011.0,Astrophysics and Space Science,https://doi.org/10.1007/s10509-010-0476-x,,/home/jenholm/photonland/cghs/cghstc_34/data/external/m31_literature_audit/crossref_RFGC_2197.json,C,0,source_discovery_only,source_discovery_only,candidate source only; evidence not confirmed or extracted,Keep as discovery/provenance only unless another source points here.
25,SIMBAD bibcode list,79,SIMBAD_bibcode,2013MNRAS.428.1790W,SIMBAD bibliography entry 2013MNRAS.428.1790W,2013.0,SIMBAD bibliography,https://ui.adsabs.harvard.edu/abs/2013MNRAS.428.1790W/abstract,Bibliography/source-discovery hit only; title/evidence not extracted by M31 without ADS metadata API.,/home/jenholm/photonland/cghs/cghstc_34/data/external/m30_web_probe/UGC07125_simbad_ascii.txt,C,0,source_discovery_only,source_discovery_only,candidate source only; evidence not confirmed or extracted,Keep as discovery/provenance only unless another source points here.
26,RFGC 2197,0,Crossref,https://doi.org/10.1007/s10509-012-1267-3,Yet another sample of RFGC galaxies,2013.0,Astrophysics and Space Science,https://doi.org/10.1007/s10509-012-1267-3,,/home/jenholm/photonland/cghs/cghstc_34/data/external/m31_literature_audit/crossref_RFGC_2197.json,C,0,source_discovery_only,source_discovery_only,candidate source only; evidence not confirmed or extracted,Keep as discovery/provenance only unless another source points here.
27,SIMBAD bibcode list,74,SIMBAD_bibcode,2014A&A...569A,SIMBAD bibliography entry 2014A&A...569A,2014.0,SIMBAD bibliography,https://ui.adsabs.harvard.edu/abs/2014A%26A...569A/abstract,Bibliography/source-discovery hit only; title/evidence not extracted by M31 without ADS metadata API.,/home/jenholm/photonland/cghs/cghstc_34/data/external/m30_web_probe/UGC07125_simbad_ascii.txt,C,0,source_discovery_only,source_discovery_only,candidate source only; evidence not confirmed or extracted,Keep as discovery/provenance only unless another source points here.
28,SIMBAD bibcode list,75,SIMBAD_bibcode,2014AJ....147,SIMBAD bibliography entry 2014AJ....147,2014.0,SIMBAD bibliography,https://ui.adsabs.harvard.edu/abs/2014AJ....147/abstract,Bibliography/source-discovery hit only; title/evidence not extracted by M31 without ADS metadata API.,/home/jenholm/photonland/cghs/cghstc_34/data/external/m30_web_probe/UGC07125_simbad_ascii.txt,C,0,source_discovery_only,source_discovery_only,candidate source only; evidence not confirmed or extracted,Keep as discovery/provenance only unless another source points here.
29,SIMBAD bibcode list,76,SIMBAD_bibcode,2014ApJ...781,SIMBAD bibliography entry 2014ApJ...781,2014.0,SIMBAD bibliography,https://ui.adsabs.harvard.edu/abs/2014ApJ...781/abstract,Bibliography/source-discovery hit only; title/evidence not extracted by M31 without ADS metadata API.,/home/jenholm/photonland/cghs/cghstc_34/data/external/m30_web_probe/UGC07125_simbad_ascii.txt,C,0,source_discovery_only,source_discovery_only,candidate source only; evidence not confirmed or extracted,Keep as discovery/provenance only unless another source points here.
30,SIMBAD bibcode list,77,SIMBAD_bibcode,2014MNRAS.444,SIMBAD bibliography entry 2014MNRAS.444,2014.0,SIMBAD bibliography,https://ui.adsabs.harvard.edu/abs/2014MNRAS.444/abstract,Bibliography/source-discovery hit only; title/evidence not extracted by M31 without ADS metadata API.,/home/jenholm/photonland/cghs/cghstc_34/data/external/m30_web_probe/UGC07125_simbad_ascii.txt,C,0,source_discovery_only,source_discovery_only,candidate source only; evidence not confirmed or extracted,Keep as discovery/provenance only unless another source points here.
31,SIMBAD bibcode list,78,SIMBAD_bibcode,2014MNRAS.444.3015L,SIMBAD bibliography entry 2014MNRAS.444.3015L,2014.0,SIMBAD bibliography,https://ui.adsabs.harvard.edu/abs/2014MNRAS.444.3015L/abstract,Bibliography/source-discovery hit only; title/evidence not extracted by M31 without ADS metadata API.,/home/jenholm/photonland/cghs/cghstc_34/data/external/m30_web_probe/UGC07125_simbad_ascii.txt,C,0,source_discovery_only,source_discovery_only,candidate source only; evidence not confirmed or extracted,Keep as discovery/provenance only unless another source points here.
32,SIMBAD bibcode list,68,SIMBAD_bibcode,2015A&A...582A,SIMBAD bibliography entry 2015A&A...582A,2015.0,SIMBAD bibliography,https://ui.adsabs.harvard.edu/abs/2015A%26A...582A/abstract,Bibliography/source-discovery hit only; title/evidence not extracted by M31 without ADS metadata API.,/home/jenholm/photonland/cghs/cghstc_34/data/external/m30_web_probe/UGC07125_simbad_ascii.txt,C,0,source_discovery_only,source_discovery_only,candidate source only; evidence not confirmed or extracted,Keep as discovery/provenance only unless another source points here.
33,SIMBAD bibcode list,69,SIMBAD_bibcode,2015ApJS..217,SIMBAD bibliography entry 2015ApJS..217,2015.0,SIMBAD bibliography,https://ui.adsabs.harvard.edu/abs/2015ApJS..217/abstract,Bibliography/source-discovery hit only; title/evidence not extracted by M31 without ADS metadata API.,/home/jenholm/photonland/cghs/cghstc_34/data/external/m30_web_probe/UGC07125_simbad_ascii.txt,C,0,source_discovery_only,source_discovery_only,candidate source only; evidence not confirmed or extracted,Keep as discovery/provenance only unless another source points here.
34,SIMBAD bibcode list,71,SIMBAD_bibcode,2015ApJS..219,SIMBAD bibliography entry 2015ApJS..219,2015.0,SIMBAD bibliography,https://ui.adsabs.harvard.edu/abs/2015ApJS..219/abstract,Bibliography/source-discovery hit only; title/evidence not extracted by M31 without ADS metadata API.,/home/jenholm/photonland/cghs/cghstc_34/data/external/m30_web_probe/UGC07125_simbad_ascii.txt,C,0,source_discovery_only,source_discovery_only,candidate source only; evidence not confirmed or extracted,Keep as discovery/provenance only unless another source points here.
35,SIMBAD bibcode list,72,SIMBAD_bibcode,2015MNRAS.447.1531C,SIMBAD bibliography entry 2015MNRAS.447.1531C,2015.0,SIMBAD bibliography,https://ui.adsabs.harvard.edu/abs/2015MNRAS.447.1531C/abstract,Bibliography/source-discovery hit only; title/evidence not extracted by M31 without ADS metadata API.,/home/jenholm/photonland/cghs/cghstc_34/data/external/m30_web_probe/UGC07125_simbad_ascii.txt,C,0,source_discovery_only,source_discovery_only,candidate source only; evidence not confirmed or extracted,Keep as discovery/provenance only unless another source points here.
36,SIMBAD bibcode list,73,SIMBAD_bibcode,2015MNRAS.454.3722S,SIMBAD bibliography entry 2015MNRAS.454.3722S,2015.0,SIMBAD bibliography,https://ui.adsabs.harvard.edu/abs/2015MNRAS.454.3722S/abstract,Bibliography/source-discovery hit only; title/evidence not extracted by M31 without ADS metadata API.,/home/jenholm/photonland/cghs/cghstc_34/data/external/m30_web_probe/UGC07125_simbad_ascii.txt,C,0,source_discovery_only,source_discovery_only,candidate source only; evidence not confirmed or extracted,Keep as discovery/provenance only unless another source points here.
37,SIMBAD bibcode list,63,SIMBAD_bibcode,2016A&A...595A,SIMBAD bibliography entry 2016A&A...595A,2016.0,SIMBAD bibliography,https://ui.adsabs.harvard.edu/abs/2016A%26A...595A/abstract,Bibliography/source-discovery hit only; title/evidence not extracted by M31 without ADS metadata API.,/home/jenholm/photonland/cghs/cghstc_34/data/external/m30_web_probe/UGC07125_simbad_ascii.txt,C,0,source_discovery_only,source_discovery_only,candidate source only; evidence not confirmed or extracted,Keep as discovery/provenance only unless another source points here.
38,SIMBAD bibcode list,64,SIMBAD_bibcode,2016AJ....152,SIMBAD bibliography entry 2016AJ....152,2016.0,SIMBAD bibliography,https://ui.adsabs.harvard.edu/abs/2016AJ....152/abstract,Bibliography/source-discovery hit only; title/evidence not extracted by M31 without ADS metadata API.,/home/jenholm/photonland/cghs/cghstc_34/data/external/m30_web_probe/UGC07125_simbad_ascii.txt,C,0,source_discovery_only,source_discovery_only,candidate source only; evidence not confirmed or extracted,Keep as discovery/provenance only unless another source points here.
39,SIMBAD bibcode list,66,SIMBAD_bibcode,2016ApJ...816L,SIMBAD bibliography entry 2016ApJ...816L,2016.0,SIMBAD bibliography,https://ui.adsabs.harvard.edu/abs/2016ApJ...816L/abstract,Bibliography/source-discovery hit only; title/evidence not extracted by M31 without ADS metadata API.,/home/jenholm/photonland/cghs/cghstc_34/data/external/m30_web_probe/UGC07125_simbad_ascii.txt,C,0,source_discovery_only,source_discovery_only,candidate source only; evidence not confirmed or extracted,Keep as discovery/provenance only unless another source points here.
40,SIMBAD bibcode list,67,SIMBAD_bibcode,2016MNRAS.460.2143W,SIMBAD bibliography entry 2016MNRAS.460.2143W,2016.0,SIMBAD bibliography,https://ui.adsabs.harvard.edu/abs/2016MNRAS.460.2143W/abstract,Bibliography/source-discovery hit only; title/evidence not extracted by M31 without ADS metadata API.,/home/jenholm/photonland/cghs/cghstc_34/data/external/m30_web_probe/UGC07125_simbad_ascii.txt,C,0,source_discovery_only,source_discovery_only,candidate source only; evidence not confirmed or extracted,Keep as discovery/provenance only unless another source points here.
41,SIMBAD bibcode list,61,SIMBAD_bibcode,2017ApJ...837,SIMBAD bibliography entry 2017ApJ...837,2017.0,SIMBAD bibliography,https://ui.adsabs.harvard.edu/abs/2017ApJ...837/abstract,Bibliography/source-discovery hit only; title/evidence not extracted by M31 without ADS metadata API.,/home/jenholm/photonland/cghs/cghstc_34/data/external/m30_web_probe/UGC07125_simbad_ascii.txt,C,0,source_discovery_only,source_discovery_only,candidate source only; evidence not confirmed or extracted,Keep as discovery/provenance only unless another source points here.
42,SIMBAD bibcode list,62,SIMBAD_bibcode,2017ApJ...843,SIMBAD bibliography entry 2017ApJ...843,2017.0,SIMBAD bibliography,https://ui.adsabs.harvard.edu/abs/2017ApJ...843/abstract,Bibliography/source-discovery hit only; title/evidence not extracted by M31 without ADS metadata API.,/home/jenholm/photonland/cghs/cghstc_34/data/external/m30_web_probe/UGC07125_simbad_ascii.txt,C,0,source_discovery_only,source_discovery_only,candidate source only; evidence not confirmed or extracted,Keep as discovery/provenance only unless another source points here.
43,MCG+06-27-014,8,OpenAlex,https://doi.org/10.3847/1538-4365/aa96ad,BAT AGN Spectroscopic Survey. V. X-Ray Properties of the Swift/BAT 70-month AGN Catalog,2017.0,The Astrophysical Journal Supplement Series,https://doi.org/10.3847/1538-4365/aa96ad,"Abstract Hard X-ray (≥10 keV) observations of active galactic nuclei (AGNs) can shed light on some of the most obscured episodes of accretion onto supermassive black holes. The 70-month Swift /BAT all-sky survey, which probes the 14–195 keV energy range, has currently detected 838 AGNs. We report here on the broadband X-ray (0.3–150 keV) characteristics of these AGNs, obtained by combining XMM-Newton , Swift /XRT, ASCA , Chandra , and Suzaku observations in the soft X-ray band ( keV) with 70-month averaged Swift /BAT data. The nonblazar AGNs of our sample are almost equally divided into unobscured ( ) and obscured ( ) AGNs, and their Swift /BAT continuum is systematically steeper than the 0.3–10 keV emission, which suggests that the presence of a high-energy cutoff is almost ubiquitous. We discuss the main X-ray spectral parameters obtained, such as the photon index, the reflection parameter, the energy of the cutoff, neutral and ionized absorbers, and the soft excess for both obscured and unobscured AGNs.",/home/jenholm/photonland/cghs/cghstc_34/data/external/m31_literature_audit/openalex_MCG_06_27_014.json,C,0,source_discovery_only,source_discovery_only,candidate source only; evidence not confirmed or extracted,Keep as discovery/provenance only unless another source points here.
44,SIMBAD bibcode list,54,SIMBAD_bibcode,2018A&A...612L,SIMBAD bibliography entry 2018A&A...612L,2018.0,SIMBAD bibliography,https://ui.adsabs.harvard.edu/abs/2018A%26A...612L/abstract,Bibliography/source-discovery hit only; title/evidence not extracted by M31 without ADS metadata API.,/home/jenholm/photonland/cghs/cghstc_34/data/external/m30_web_probe/UGC07125_simbad_ascii.txt,C,0,source_discovery_only,source_discovery_only,candidate source only; evidence not confirmed or extracted,Keep as discovery/provenance only unless another source points here.
45,SIMBAD bibcode list,55,SIMBAD_bibcode,2018A&A...615A,SIMBAD bibliography entry 2018A&A...615A,2018.0,SIMBAD bibliography,https://ui.adsabs.harvard.edu/abs/2018A%26A...615A/abstract,Bibliography/source-discovery hit only; title/evidence not extracted by M31 without ADS metadata API.,/home/jenholm/photonland/cghs/cghstc_34/data/external/m30_web_probe/UGC07125_simbad_ascii.txt,C,0,source_discovery_only,source_discovery_only,candidate source only; evidence not confirmed or extracted,Keep as discovery/provenance only unless another source points here.
46,SIMBAD bibcode list,56,SIMBAD_bibcode,2018ApJ...864,SIMBAD bibliography entry 2018ApJ...864,2018.0,SIMBAD bibliography,https://ui.adsabs.harvard.edu/abs/2018ApJ...864/abstract,Bibliography/source-discovery hit only; title/evidence not extracted by M31 without ADS metadata API.,/home/jenholm/photonland/cghs/cghstc_34/data/external/m30_web_probe/UGC07125_simbad_ascii.txt,C,0,source_discovery_only,source_discovery_only,candidate source only; evidence not confirmed or extracted,Keep as discovery/provenance only unless another source points here.
47,SIMBAD bibcode list,57,SIMBAD_bibcode,2018ApJS..234,SIMBAD bibliography entry 2018ApJS..234,2018.0,SIMBAD bibliography,https://ui.adsabs.harvard.edu/abs/2018ApJS..234/abstract,Bibliography/source-discovery hit only; title/evidence not extracted by M31 without ADS metadata API.,/home/jenholm/photonland/cghs/cghstc_34/data/external/m30_web_probe/UGC07125_simbad_ascii.txt,C,0,source_discovery_only,source_discovery_only,candidate source only; evidence not confirmed or extracted,Keep as discovery/provenance only unless another source points here.
48,SIMBAD bibcode list,58,SIMBAD_bibcode,2018AstBu..73,SIMBAD bibliography entry 2018AstBu..73,2018.0,SIMBAD bibliography,https://ui.adsabs.harvard.edu/abs/2018AstBu..73/abstract,Bibliography/source-discovery hit only; title/evidence not extracted by M31 without ADS metadata API.,/home/jenholm/photonland/cghs/cghstc_34/data/external/m30_web_probe/UGC07125_simbad_ascii.txt,C,0,source_discovery_only,source_discovery_only,candidate source only; evidence not confirmed or extracted,Keep as discovery/provenance only unless another source points here.
49,SIMBAD bibcode list,59,SIMBAD_bibcode,2018MNRAS.477.4187H,SIMBAD bibliography entry 2018MNRAS.477.4187H,2018.0,SIMBAD bibliography,https://ui.adsabs.harvard.edu/abs/2018MNRAS.477.4187H/abstract,Bibliography/source-discovery hit only; title/evidence not extracted by M31 without ADS metadata API.,/home/jenholm/photonland/cghs/cghstc_34/data/external/m30_web_probe/UGC07125_simbad_ascii.txt,C,0,source_discovery_only,source_discovery_only,candidate source only; evidence not confirmed or extracted,Keep as discovery/provenance only unless another source points here.
50,SIMBAD bibcode list,60,SIMBAD_bibcode,2018MNRAS.480.2292S,SIMBAD bibliography entry 2018MNRAS.480.2292S,2018.0,SIMBAD bibliography,https://ui.adsabs.harvard.edu/abs/2018MNRAS.480.2292S/abstract,Bibliography/source-discovery hit only; title/evidence not extracted by M31 without ADS metadata API.,/home/jenholm/photonland/cghs/cghstc_34/data/external/m30_web_probe/UGC07125_simbad_ascii.txt,C,0,source_discovery_only,source_discovery_only,candidate source only; evidence not confirmed or extracted,Keep as discovery/provenance only unless another source points here.
51,UGC07125,2,OpenAlex,https://doi.org/10.1051/0004-6361/201732547,Fitting the radial acceleration relation to individual SPARC galaxies,2018.0,Astronomy and Astrophysics,https://doi.org/10.1051/0004-6361/201732547,"Galaxies follow a tight radial acceleration relation (RAR): the acceleration observed at every radius correlates with that expected from the distribution of baryons. We use the Markov chain Monte Carlo method to fit the mean RAR to 175 individual galaxies in the SPARC database, marginalizing over stellar mass-to-light ratio (ϒ ⋆ ), galaxy distance, and disk inclination. Acceptable fits with astrophysically reasonable parameters are found for the vast majority of galaxies. The residuals around these fits have an rms scatter of only 0.057 dex (~13%). This is in agreement with the predictions of modified Newtonian dynamics (MOND). We further consider a generalized version of the RAR that, unlike MOND, permits galaxy-to-galaxy variation in the critical acceleration scale. The fits are not improved with this additional freedom: there is no credible indication of variation in the critical acceleration scale. The data are consistent with the action of a single effective force law. The apparent universality of the acceleration scale and the small residual scatter are key to understanding galaxies.",/home/jenholm/photonland/cghs/cghstc_34/data/external/m31_literature_audit/openalex_UGC07125.json,C,0,source_discovery_only,source_discovery_only,candidate source only; evidence not confirmed or extracted,Keep as discovery/provenance only unless another source points here.
52,SIMBAD bibcode list,12,SIMBAD_bibcode,2019MNRAS.488,SIMBAD bibliography entry 2019MNRAS.488,2019.0,SIMBAD bibliography,https://ui.adsabs.harvard.edu/abs/2019MNRAS.488/abstract,Bibliography/source-discovery hit only; title/evidence not extracted by M31 without ADS metadata API.,/home/jenholm/photonland/cghs/cghstc_34/data/external/m30_web_probe/UGC07125_simbad_ascii.txt,C,0,source_discovery_only,source_discovery_only,candidate source only; evidence not confirmed or extracted,Keep as discovery/provenance only unless another source points here.
53,SIMBAD bibcode list,46,SIMBAD_bibcode,2019A&A...623A,SIMBAD bibliography entry 2019A&A...623A,2019.0,SIMBAD bibliography,https://ui.adsabs.harvard.edu/abs/2019A%26A...623A/abstract,Bibliography/source-discovery hit only; title/evidence not extracted by M31 without ADS metadata API.,/home/jenholm/photonland/cghs/cghstc_34/data/external/m30_web_probe/UGC07125_simbad_ascii.txt,C,0,source_discovery_only,source_discovery_only,candidate source only; evidence not confirmed or extracted,Keep as discovery/provenance only unless another source points here.
54,SIMBAD bibcode list,47,SIMBAD_bibcode,2019A&A...626A,SIMBAD bibliography entry 2019A&A...626A,2019.0,SIMBAD bibliography,https://ui.adsabs.harvard.edu/abs/2019A%26A...626A/abstract,Bibliography/source-discovery hit only; title/evidence not extracted by M31 without ADS metadata API.,/home/jenholm/photonland/cghs/cghstc_34/data/external/m30_web_probe/UGC07125_simbad_ascii.txt,C,0,source_discovery_only,source_discovery_only,candidate source only; evidence not confirmed or extracted,Keep as discovery/provenance only unless another source points here.
55,SIMBAD bibcode list,48,SIMBAD_bibcode,2019ApJ...883L,SIMBAD bibliography entry 2019ApJ...883L,2019.0,SIMBAD bibliography,https://ui.adsabs.harvard.edu/abs/2019ApJ...883L/abstract,Bibliography/source-discovery hit only; title/evidence not extracted by M31 without ADS metadata API.,/home/jenholm/photonland/cghs/cghstc_34/data/external/m30_web_probe/UGC07125_simbad_ascii.txt,C,0,source_discovery_only,source_discovery_only,candidate source only; evidence not confirmed or extracted,Keep as discovery/provenance only unless another source points here.
56,SIMBAD bibcode list,49,SIMBAD_bibcode,2019ApJS..244,SIMBAD bibliography entry 2019ApJS..244,2019.0,SIMBAD bibliography,https://ui.adsabs.harvard.edu/abs/2019ApJS..244/abstract,Bibliography/source-discovery hit only; title/evidence not extracted by M31 without ADS metadata API.,/home/jenholm/photonland/cghs/cghstc_34/data/external/m30_web_probe/UGC07125_simbad_ascii.txt,C,0,source_discovery_only,source_discovery_only,candidate source only; evidence not confirmed or extracted,Keep as discovery/provenance only unless another source points here.
57,SIMBAD bibcode list,50,SIMBAD_bibcode,2019MNRAS.482.5106L,SIMBAD bibliography entry 2019MNRAS.482.5106L,2019.0,SIMBAD bibliography,https://ui.adsabs.harvard.edu/abs/2019MNRAS.482.5106L/abstract,Bibliography/source-discovery hit only; title/evidence not extracted by M31 without ADS metadata API.,/home/jenholm/photonland/cghs/cghstc_34/data/external/m30_web_probe/UGC07125_simbad_ascii.txt,C,0,source_discovery_only,source_discovery_only,candidate source only; evidence not confirmed or extracted,Keep as discovery/provenance only unless another source points here.
58,SIMBAD bibcode list,51,SIMBAD_bibcode,2019MNRAS.486.1658C,SIMBAD bibliography entry 2019MNRAS.486.1658C,2019.0,SIMBAD bibliography,https://ui.adsabs.harvard.edu/abs/2019MNRAS.486.1658C/abstract,Bibliography/source-discovery hit only; title/evidence not extracted by M31 without ADS metadata API.,/home/jenholm/photonland/cghs/cghstc_34/data/external/m30_web_probe/UGC07125_simbad_ascii.txt,C,0,source_discovery_only,source_discovery_only,candidate source only; evidence not confirmed or extracted,Keep as discovery/provenance only unless another source points here.
59,SIMBAD bibcode list,52,SIMBAD_bibcode,2019MNRAS.486.1995S,SIMBAD bibliography entry 2019MNRAS.486.1995S,2019.0,SIMBAD bibliography,https://ui.adsabs.harvard.edu/abs/2019MNRAS.486.1995S/abstract,Bibliography/source-discovery hit only; title/evidence not extracted by M31 without ADS metadata API.,/home/jenholm/photonland/cghs/cghstc_34/data/external/m30_web_probe/UGC07125_simbad_ascii.txt,C,0,source_discovery_only,source_discovery_only,candidate source only; evidence not confirmed or extracted,Keep as discovery/provenance only unless another source points here.
60,SIMBAD bibcode list,1,SIMBAD_bibcode,2020ApJ...902,SIMBAD bibliography entry 2020ApJ...902,2020.0,SIMBAD bibliography,https://ui.adsabs.harvard.edu/abs/2020ApJ...902/abstract,Bibliography/source-discovery hit only; title/evidence not extracted by M31 without ADS metadata API.,/home/jenholm/photonland/cghs/cghstc_34/data/external/m30_web_probe/UGC07125_simbad_ascii.txt,C,0,source_discovery_only,source_discovery_only,candidate source only; evidence not confirmed or extracted,Keep as discovery/provenance only unless another source points here.
61,SIMBAD bibcode list,33,SIMBAD_bibcode,2020A&A...633A,SIMBAD bibliography entry 2020A&A...633A,2020.0,SIMBAD bibliography,https://ui.adsabs.harvard.edu/abs/2020A%26A...633A/abstract,Bibliography/source-discovery hit only; title/evidence not extracted by M31 without ADS metadata API.,/home/jenholm/photonland/cghs/cghstc_34/data/external/m30_web_probe/UGC07125_simbad_ascii.txt,C,0,source_discovery_only,source_discovery_only,candidate source only; evidence not confirmed or extracted,Keep as discovery/provenance only unless another source points here.
62,SIMBAD bibcode list,34,SIMBAD_bibcode,2020ATel13909,SIMBAD bibliography entry 2020ATel13909,2020.0,SIMBAD bibliography,https://ui.adsabs.harvard.edu/abs/2020ATel13909/abstract,Bibliography/source-discovery hit only; title/evidence not extracted by M31 without ADS metadata API.,/home/jenholm/photonland/cghs/cghstc_34/data/external/m30_web_probe/UGC07125_simbad_ascii.txt,C,0,source_discovery_only,source_discovery_only,candidate source only; evidence not confirmed or extracted,Keep as discovery/provenance only unless another source points here.
63,SIMBAD bibcode list,35,SIMBAD_bibcode,2020ATel13911,SIMBAD bibliography entry 2020ATel13911,2020.0,SIMBAD bibliography,https://ui.adsabs.harvard.edu/abs/2020ATel13911/abstract,Bibliography/source-discovery hit only; title/evidence not extracted by M31 without ADS metadata API.,/home/jenholm/photonland/cghs/cghstc_34/data/external/m30_web_probe/UGC07125_simbad_ascii.txt,C,0,source_discovery_only,source_discovery_only,candidate source only; evidence not confirmed or extracted,Keep as discovery/provenance only unless another source points here.
64,SIMBAD bibcode list,36,SIMBAD_bibcode,2020ATel13912,SIMBAD bibliography entry 2020ATel13912,2020.0,SIMBAD bibliography,https://ui.adsabs.harvard.edu/abs/2020ATel13912/abstract,Bibliography/source-discovery hit only; title/evidence not extracted by M31 without ADS metadata API.,/home/jenholm/photonland/cghs/cghstc_34/data/external/m30_web_probe/UGC07125_simbad_ascii.txt,C,0,source_discovery_only,source_discovery_only,candidate source only; evidence not confirmed or extracted,Keep as discovery/provenance only unless another source points here.
65,SIMBAD bibcode list,37,SIMBAD_bibcode,2020ATel13915,SIMBAD bibliography entry 2020ATel13915,2020.0,SIMBAD bibliography,https://ui.adsabs.harvard.edu/abs/2020ATel13915/abstract,Bibliography/source-discovery hit only; title/evidence not extracted by M31 without ADS metadata API.,/home/jenholm/photonland/cghs/cghstc_34/data/external/m30_web_probe/UGC07125_simbad_ascii.txt,C,0,source_discovery_only,source_discovery_only,candidate source only; evidence not confirmed or extracted,Keep as discovery/provenance only unless another source points here.
66,SIMBAD bibcode list,39,SIMBAD_bibcode,2020ApJ...904,SIMBAD bibliography entry 2020ApJ...904,2020.0,SIMBAD bibliography,https://ui.adsabs.harvard.edu/abs/2020ApJ...904/abstract,Bibliography/source-discovery hit only; title/evidence not extracted by M31 without ADS metadata API.,/home/jenholm/photonland/cghs/cghstc_34/data/external/m30_web_probe/UGC07125_simbad_ascii.txt,C,0,source_discovery_only,source_discovery_only,candidate source only; evidence not confirmed or extracted,Keep as discovery/provenance only unless another source points here.
67,SIMBAD bibcode list,40,SIMBAD_bibcode,2020ApJS..247,SIMBAD bibliography entry 2020ApJS..247,2020.0,SIMBAD bibliography,https://ui.adsabs.harvard.edu/abs/2020ApJS..247/abstract,Bibliography/source-discovery hit only; title/evidence not extracted by M31 without ADS metadata API.,/home/jenholm/photonland/cghs/cghstc_34/data/external/m30_web_probe/UGC07125_simbad_ascii.txt,C,0,source_discovery_only,source_discovery_only,candidate source only; evidence not confirmed or extracted,Keep as discovery/provenance only unless another source points here.
68,SIMBAD bibcode list,41,SIMBAD_bibcode,2020MNRAS.492.4892Y,SIMBAD bibliography entry 2020MNRAS.492.4892Y,2020.0,SIMBAD bibliography,https://ui.adsabs.harvard.edu/abs/2020MNRAS.492.4892Y/abstract,Bibliography/source-discovery hit only; title/evidence not extracted by M31 without ADS metadata API.,/home/jenholm/photonland/cghs/cghstc_34/data/external/m30_web_probe/UGC07125_simbad_ascii.txt,C,0,source_discovery_only,source_discovery_only,candidate source only; evidence not confirmed or extracted,Keep as discovery/provenance only unless another source points here.
69,SIMBAD bibcode list,42,SIMBAD_bibcode,2020MNRAS.494.1784A,SIMBAD bibliography entry 2020MNRAS.494.1784A,2020.0,SIMBAD bibliography,https://ui.adsabs.harvard.edu/abs/2020MNRAS.494.1784A/abstract,Bibliography/source-discovery hit only; title/evidence not extracted by M31 without ADS metadata API.,/home/jenholm/photonland/cghs/cghstc_34/data/external/m30_web_probe/UGC07125_simbad_ascii.txt,C,0,source_discovery_only,source_discovery_only,candidate source only; evidence not confirmed or extracted,Keep as discovery/provenance only unless another source points here.
70,SIMBAD bibcode list,43,SIMBAD_bibcode,2020MNRAS.494.2875M,SIMBAD bibliography entry 2020MNRAS.494.2875M,2020.0,SIMBAD bibliography,https://ui.adsabs.harvard.edu/abs/2020MNRAS.494.2875M/abstract,Bibliography/source-discovery hit only; title/evidence not extracted by M31 without ADS metadata API.,/home/jenholm/photonland/cghs/cghstc_34/data/external/m30_web_probe/UGC07125_simbad_ascii.txt,C,0,source_discovery_only,source_discovery_only,candidate source only; evidence not confirmed or extracted,Keep as discovery/provenance only unless another source points here.
71,SIMBAD bibcode list,44,SIMBAD_bibcode,2020MNRAS.495,SIMBAD bibliography entry 2020MNRAS.495,2020.0,SIMBAD bibliography,https://ui.adsabs.harvard.edu/abs/2020MNRAS.495/abstract,Bibliography/source-discovery hit only; title/evidence not extracted by M31 without ADS metadata API.,/home/jenholm/photonland/cghs/cghstc_34/data/external/m30_web_probe/UGC07125_simbad_ascii.txt,C,0,source_discovery_only,source_discovery_only,candidate source only; evidence not confirmed or extracted,Keep as discovery/provenance only unless another source points here.
72,SIMBAD bibcode list,45,SIMBAD_bibcode,2020MNRAS.495.3636M,SIMBAD bibliography entry 2020MNRAS.495.3636M,2020.0,SIMBAD bibliography,https://ui.adsabs.harvard.edu/abs/2020MNRAS.495.3636M/abstract,Bibliography/source-discovery hit only; title/evidence not extracted by M31 without ADS metadata API.,/home/jenholm/photonland/cghs/cghstc_34/data/external/m30_web_probe/UGC07125_simbad_ascii.txt,C,0,source_discovery_only,source_discovery_only,candidate source only; evidence not confirmed or extracted,Keep as discovery/provenance only unless another source points here.
73,UGC07125,0,OpenAlex,https://openalex.org/W3179269845,Spectroscopic classification of the bright NIR transient PGIR20eid/SN2020qmp as a young Type II supernova in UGC07125,2020.0,The astronomer's telegram,https://openalex.org/W3179269845,,/home/jenholm/photonland/cghs/cghstc_34/data/external/m31_literature_audit/openalex_UGC07125.json,C,0,source_discovery_only,source_discovery_only,candidate source only; evidence not confirmed or extracted,Keep as discovery/provenance only unless another source points here.
74,UGC07125,1,OpenAlex,https://openalex.org/W3127626738,Palomar Gattini-IR NIR discovery of a candidate young supernova PGIR20eid / AT2020qmp in UGC07125 at 12 Mpc,2020.0,The astronomer's telegram,https://openalex.org/W3127626738,,/home/jenholm/photonland/cghs/cghstc_34/data/external/m31_literature_audit/openalex_UGC07125.json,C,0,source_discovery_only,source_discovery_only,candidate source only; evidence not confirmed or extracted,Keep as discovery/provenance only unless another source points here.
75,SIMBAD bibcode list,29,SIMBAD_bibcode,2021A&A...647A,SIMBAD bibliography entry 2021A&A...647A,2021.0,SIMBAD bibliography,https://ui.adsabs.harvard.edu/abs/2021A%26A...647A/abstract,Bibliography/source-discovery hit only; title/evidence not extracted by M31 without ADS metadata API.,/home/jenholm/photonland/cghs/cghstc_34/data/external/m30_web_probe/UGC07125_simbad_ascii.txt,C,0,source_discovery_only,source_discovery_only,candidate source only; evidence not confirmed or extracted,Keep as discovery/provenance only unless another source points here.
76,SIMBAD bibcode list,30,SIMBAD_bibcode,2021A&A...651L,SIMBAD bibliography entry 2021A&A...651L,2021.0,SIMBAD bibliography,https://ui.adsabs.harvard.edu/abs/2021A%26A...651L/abstract,Bibliography/source-discovery hit only; title/evidence not extracted by M31 without ADS metadata API.,/home/jenholm/photonland/cghs/cghstc_34/data/external/m30_web_probe/UGC07125_simbad_ascii.txt,C,0,source_discovery_only,source_discovery_only,candidate source only; evidence not confirmed or extracted,Keep as discovery/provenance only unless another source points here.
77,SIMBAD bibcode list,31,SIMBAD_bibcode,2021ApJ...921,SIMBAD bibliography entry 2021ApJ...921,2021.0,SIMBAD bibliography,https://ui.adsabs.harvard.edu/abs/2021ApJ...921/abstract,Bibliography/source-discovery hit only; title/evidence not extracted by M31 without ADS metadata API.,/home/jenholm/photonland/cghs/cghstc_34/data/external/m30_web_probe/UGC07125_simbad_ascii.txt,C,0,source_discovery_only,source_discovery_only,candidate source only; evidence not confirmed or extracted,Keep as discovery/provenance only unless another source points here.
78,SIMBAD bibcode list,32,SIMBAD_bibcode,2021MNRAS.502.5711N,SIMBAD bibliography entry 2021MNRAS.502.5711N,2021.0,SIMBAD bibliography,https://ui.adsabs.harvard.edu/abs/2021MNRAS.502.5711N/abstract,Bibliography/source-discovery hit only; title/evidence not extracted by M31 without ADS metadata API.,/home/jenholm/photonland/cghs/cghstc_34/data/external/m30_web_probe/UGC07125_simbad_ascii.txt,C,0,source_discovery_only,source_discovery_only,candidate source only; evidence not confirmed or extracted,Keep as discovery/provenance only unless another source points here.
79,SIMBAD bibcode list,25,SIMBAD_bibcode,2022A&A...660A,SIMBAD bibliography entry 2022A&A...660A,2022.0,SIMBAD bibliography,https://ui.adsabs.harvard.edu/abs/2022A%26A...660A/abstract,Bibliography/source-discovery hit only; title/evidence not extracted by M31 without ADS metadata API.,/home/jenholm/photonland/cghs/cghstc_34/data/external/m30_web_probe/UGC07125_simbad_ascii.txt,C,0,source_discovery_only,source_discovery_only,candidate source only; evidence not confirmed or extracted,Keep as discovery/provenance only unless another source points here.
80,SIMBAD bibcode list,26,SIMBAD_bibcode,2022A&A...665A,SIMBAD bibliography entry 2022A&A...665A,2022.0,SIMBAD bibliography,https://ui.adsabs.harvard.edu/abs/2022A%26A...665A/abstract,Bibliography/source-discovery hit only; title/evidence not extracted by M31 without ADS metadata API.,/home/jenholm/photonland/cghs/cghstc_34/data/external/m30_web_probe/UGC07125_simbad_ascii.txt,C,0,source_discovery_only,source_discovery_only,candidate source only; evidence not confirmed or extracted,Keep as discovery/provenance only unless another source points here.
81,SIMBAD bibcode list,27,SIMBAD_bibcode,2022ApJS..259,SIMBAD bibliography entry 2022ApJS..259,2022.0,SIMBAD bibliography,https://ui.adsabs.harvard.edu/abs/2022ApJS..259/abstract,Bibliography/source-discovery hit only; title/evidence not extracted by M31 without ADS metadata API.,/home/jenholm/photonland/cghs/cghstc_34/data/external/m30_web_probe/UGC07125_simbad_ascii.txt,C,0,source_discovery_only,source_discovery_only,candidate source only; evidence not confirmed or extracted,Keep as discovery/provenance only unless another source points here.
82,SIMBAD bibcode list,28,SIMBAD_bibcode,2022MNRAS.511.6160K,SIMBAD bibliography entry 2022MNRAS.511.6160K,2022.0,SIMBAD bibliography,https://ui.adsabs.harvard.edu/abs/2022MNRAS.511.6160K/abstract,Bibliography/source-discovery hit only; title/evidence not extracted by M31 without ADS metadata API.,/home/jenholm/photonland/cghs/cghstc_34/data/external/m30_web_probe/UGC07125_simbad_ascii.txt,C,0,source_discovery_only,source_discovery_only,candidate source only; evidence not confirmed or extracted,Keep as discovery/provenance only unless another source points here.
83,SIMBAD bibcode list,8,SIMBAD_bibcode,2023ApJS..269,SIMBAD bibliography entry 2023ApJS..269,2023.0,SIMBAD bibliography,https://ui.adsabs.harvard.edu/abs/2023ApJS..269/abstract,Bibliography/source-discovery hit only; title/evidence not extracted by M31 without ADS metadata API.,/home/jenholm/photonland/cghs/cghstc_34/data/external/m30_web_probe/UGC07125_simbad_ascii.txt,C,0,source_discovery_only,source_discovery_only,candidate source only; evidence not confirmed or extracted,Keep as discovery/provenance only unless another source points here.
84,SIMBAD bibcode list,21,SIMBAD_bibcode,2023ApJ...952L,SIMBAD bibliography entry 2023ApJ...952L,2023.0,SIMBAD bibliography,https://ui.adsabs.harvard.edu/abs/2023ApJ...952L/abstract,Bibliography/source-discovery hit only; title/evidence not extracted by M31 without ADS metadata API.,/home/jenholm/photonland/cghs/cghstc_34/data/external/m30_web_probe/UGC07125_simbad_ascii.txt,C,0,source_discovery_only,source_discovery_only,candidate source only; evidence not confirmed or extracted,Keep as discovery/provenance only unless another source points here.
85,SIMBAD bibcode list,23,SIMBAD_bibcode,2023MNRAS.523.3393K,SIMBAD bibliography entry 2023MNRAS.523.3393K,2023.0,SIMBAD bibliography,https://ui.adsabs.harvard.edu/abs/2023MNRAS.523.3393K/abstract,Bibliography/source-discovery hit only; title/evidence not extracted by M31 without ADS metadata API.,/home/jenholm/photonland/cghs/cghstc_34/data/external/m30_web_probe/UGC07125_simbad_ascii.txt,C,0,source_discovery_only,source_discovery_only,candidate source only; evidence not confirmed or extracted,Keep as discovery/provenance only unless another source points here.
86,SIMBAD bibcode list,24,SIMBAD_bibcode,2023MNRAS.525.2241H,SIMBAD bibliography entry 2023MNRAS.525.2241H,2023.0,SIMBAD bibliography,https://ui.adsabs.harvard.edu/abs/2023MNRAS.525.2241H/abstract,Bibliography/source-discovery hit only; title/evidence not extracted by M31 without ADS metadata API.,/home/jenholm/photonland/cghs/cghstc_34/data/external/m30_web_probe/UGC07125_simbad_ascii.txt,C,0,source_discovery_only,source_discovery_only,candidate source only; evidence not confirmed or extracted,Keep as discovery/provenance only unless another source points here.
87,SIMBAD bibcode list,19,SIMBAD_bibcode,2024AJ....168,SIMBAD bibliography entry 2024AJ....168,2024.0,SIMBAD bibliography,https://ui.adsabs.harvard.edu/abs/2024AJ....168/abstract,Bibliography/source-discovery hit only; title/evidence not extracted by M31 without ADS metadata API.,/home/jenholm/photonland/cghs/cghstc_34/data/external/m30_web_probe/UGC07125_simbad_ascii.txt,C,0,source_discovery_only,source_discovery_only,candidate source only; evidence not confirmed or extracted,Keep as discovery/provenance only unless another source points here.
88,SIMBAD bibcode list,20,SIMBAD_bibcode,2024PASJ...76.1336L,SIMBAD bibliography entry 2024PASJ...76.1336L,2024.0,SIMBAD bibliography,https://ui.adsabs.harvard.edu/abs/2024PASJ...76.1336L/abstract,Bibliography/source-discovery hit only; title/evidence not extracted by M31 without ADS metadata API.,/home/jenholm/photonland/cghs/cghstc_34/data/external/m30_web_probe/UGC07125_simbad_ascii.txt,C,0,source_discovery_only,source_discovery_only,candidate source only; evidence not confirmed or extracted,Keep as discovery/provenance only unless another source points here.
89,UGC07125,8,OpenAlex,https://doi.org/10.3390/universe10090359,Probing the Nonlinear Density Wave Theory of Spiral Galaxies by Baryonic Tully–Fisher Relation,2024.0,Universe,https://doi.org/10.3390/universe10090359,"The baryonic mass–velocity relation provides an important test of different galaxy dynamics models such as Lambda–cold dark matter (ΛCDM) and alternatives like Modified Newtonian Dynamics (MOND). Novel nonlinear density wave theory with a soliton solution gives an opportunity to test whether the derived rotational velocity expression is able to support the well known Tully–Fisher empirical relation between mass and rotation velocity in disk galaxies. Initial assumptions do not involve any larger dark matter halo that supports the stability of the very thin galactic disk nor any modified gravitational acceleration acting on galactic scales. It rather follows an important gravitational interaction between constituents of disk mass in the outer part of the disk via gravitational potential. Data are obtained by a fitting procedure applied on the sample of 81 rotational curves of late type spirals using expressions for the rotational velocity derived as an exact, a self-consistent solution of the nonlinear Schrodinger (NLS) equation for galactic surface mass density. The location of these selected objects in the baryonic mass–rotation velocity plane follows the relation logMb=3.7±0.2logVflat+2.7±0.4 in marginal agreement with the findings in the literature.",/home/jenholm/photonland/cghs/cghstc_34/data/external/m31_literature_audit/openalex_UGC07125.json,C,0,source_discovery_only,source_discovery_only,candidate source only; evidence not confirmed or extracted,Keep as discovery/provenance only unless another source points here.
90,SIMBAD bibcode list,14,SIMBAD_bibcode,2025A&A...697A,SIMBAD bibliography entry 2025A&A...697A,2025.0,SIMBAD bibliography,https://ui.adsabs.harvard.edu/abs/2025A%26A...697A/abstract,Bibliography/source-discovery hit only; title/evidence not extracted by M31 without ADS metadata API.,/home/jenholm/photonland/cghs/cghstc_34/data/external/m30_web_probe/UGC07125_simbad_ascii.txt,C,0,source_discovery_only,source_discovery_only,candidate source only; evidence not confirmed or extracted,Keep as discovery/provenance only unless another source points here.
91,SIMBAD bibcode list,15,SIMBAD_bibcode,2025A&A...698A,SIMBAD bibliography entry 2025A&A...698A,2025.0,SIMBAD bibliography,https://ui.adsabs.harvard.edu/abs/2025A%26A...698A/abstract,Bibliography/source-discovery hit only; title/evidence not extracted by M31 without ADS metadata API.,/home/jenholm/photonland/cghs/cghstc_34/data/external/m30_web_probe/UGC07125_simbad_ascii.txt,C,0,source_discovery_only,source_discovery_only,candidate source only; evidence not confirmed or extracted,Keep as discovery/provenance only unless another source points here.
92,SIMBAD bibcode list,16,SIMBAD_bibcode,2025A&A...704A,SIMBAD bibliography entry 2025A&A...704A,2025.0,SIMBAD bibliography,https://ui.adsabs.harvard.edu/abs/2025A%26A...704A/abstract,Bibliography/source-discovery hit only; title/evidence not extracted by M31 without ADS metadata API.,/home/jenholm/photonland/cghs/cghstc_34/data/external/m30_web_probe/UGC07125_simbad_ascii.txt,C,0,source_discovery_only,source_discovery_only,candidate source only; evidence not confirmed or extracted,Keep as discovery/provenance only unless another source points here.
93,SIMBAD bibcode list,17,SIMBAD_bibcode,2025AJ....169,SIMBAD bibliography entry 2025AJ....169,2025.0,SIMBAD bibliography,https://ui.adsabs.harvard.edu/abs/2025AJ....169/abstract,Bibliography/source-discovery hit only; title/evidence not extracted by M31 without ADS metadata API.,/home/jenholm/photonland/cghs/cghstc_34/data/external/m30_web_probe/UGC07125_simbad_ascii.txt,C,0,source_discovery_only,source_discovery_only,candidate source only; evidence not confirmed or extracted,Keep as discovery/provenance only unless another source points here.
94,SIMBAD bibcode list,18,SIMBAD_bibcode,2025ApJ...979,SIMBAD bibliography entry 2025ApJ...979,2025.0,SIMBAD bibliography,https://ui.adsabs.harvard.edu/abs/2025ApJ...979/abstract,Bibliography/source-discovery hit only; title/evidence not extracted by M31 without ADS metadata API.,/home/jenholm/photonland/cghs/cghstc_34/data/external/m30_web_probe/UGC07125_simbad_ascii.txt,C,0,source_discovery_only,source_discovery_only,candidate source only; evidence not confirmed or extracted,Keep as discovery/provenance only unless another source points here.
95,MCG+06-27-014,1,Crossref,https://doi.org/10.3847/2515-5172/adcba4,Photometric Monitoring of MCG–06-30-15,2025.0,Research Notes of the AAS,https://doi.org/10.3847/2515-5172/adcba4,"<jats:title>Abstract</jats:title>
               <jats:p>We describe photometric monitoring of the Seyfert 1 galaxy MCG–06-30-15 with the Las Cumbres Observatory network. Using the <jats:italic>V</jats:italic> filter, 496 images were collected between 2023 December and 2024 June from observatories in Chile, South Africa, and Australia. We created light curves of the active galactic nucleus continuum emission using aperture photometry and image subtraction methods. We find that the typical magnitude difference between the two light curves is Δ<jats:italic>V</jats:italic> ≈ 1.9 mag, indicating that the host galaxy contributes approximately 85% of the total flux through the photometric aperture. The amplitude of variation is significantly enhanced when the host galaxy is removed: Δ<jats:italic>V</jats:italic> = 0.1 mag from aperture photometry compared to Δ<jats:italic>V</jats:italic> = 0.5 mag with image subtraction. Future work will compare the continuum light curve with the broad emission-line flux variations to provide insight into the physical parameters of the broad-line region in MCG–06-30-15 and the mass of the central supermassive black hole.</jats:p>",/home/jenholm/photonland/cghs/cghstc_34/data/external/m31_literature_audit/crossref_MCG_06_27_014.json,C,0,source_discovery_only,source_discovery_only,candidate source only; evidence not confirmed or extracted,Keep as discovery/provenance only unless another source points here.
96,UGC07125,4,OpenAlex,https://doi.org/10.5281/zenodo.20338332,Coupling-Modified Geodesics and Sidereal Clock Signatures: A χ-Field Framework with 66-Galaxy SPARC Consistency Tests,2026.0,Zenodo (CERN European Organization for Nuclear Research),https://doi.org/10.5281/zenodo.20338332,"This preprint develops a constrained χ-field phenomenological framework in which local variations in effective coupling modify geodesic response without requiring a wholesale replacement of general relativity. The paper formulates coupling-modified geodesics, an effective metric interpretation, and a bounded Field Descent model intended for empirical comparison rather than speculative propulsion claims. The framework is tested against a fixed-parameter 66-galaxy SPARC consistency sample. Under fixed universal coupling parameters, with no per-galaxy fitting, the Field Descent model wins 17.7% of 2,106 radial data points and is the overall winner in 21/66 galaxies. Three systems — KK98-251, UGC07125, and UGC07559 — yield 100% Field Descent wins across all measured radial points, while gas-dominated dwarf systems define an explicit failure boundary. The paper also derives a model-independent sidereal clock bound from existing timing constraints and proposes a dedicated optical-clock orientation test as a falsifiable laboratory pathway. A subsequent bounded widened-prior refit across 176 SPARC rotmod files is reported only as a diagnostic follow-on, not as final parameter inference. The work is presented as a phenomenological and falsifiable research framework, with explicit limitations, validity boundaries, and future testing requirements.",/home/jenholm/photonland/cghs/cghstc_34/data/external/m31_literature_audit/openalex_UGC07125.json,C,0,source_discovery_only,source_discovery_only,candidate source only; evidence not confirmed or extracted,Keep as discovery/provenance only unless another source points here.
97,UGC07125,5,OpenAlex,https://doi.org/10.5281/zenodo.20338331,Coupling-Modified Geodesics and Sidereal Clock Signatures: A χ-Field Framework with 66-Galaxy SPARC Consistency Tests,2026.0,Zenodo (CERN European Organization for Nuclear Research),https://doi.org/10.5281/zenodo.20338331,"This preprint develops a constrained χ-field phenomenological framework in which local variations in effective coupling modify geodesic response without requiring a wholesale replacement of general relativity. The paper formulates coupling-modified geodesics, an effective metric interpretation, and a bounded Field Descent model intended for empirical comparison rather than speculative propulsion claims. The framework is tested against a fixed-parameter 66-galaxy SPARC consistency sample. Under fixed universal coupling parameters, with no per-galaxy fitting, the Field Descent model wins 17.7% of 2,106 radial data points and is the overall winner in 21/66 galaxies. Three systems — KK98-251, UGC07125, and UGC07559 — yield 100% Field Descent wins across all measured radial points, while gas-dominated dwarf systems define an explicit failure boundary. The paper also derives a model-independent sidereal clock bound from existing timing constraints and proposes a dedicated optical-clock orientation test as a falsifiable laboratory pathway. A subsequent bounded widened-prior refit across 176 SPARC rotmod files is reported only as a diagnostic follow-on, not as final parameter inference. The work is presented as a phenomenological and falsifiable research framework, with explicit limitations, validity boundaries, and future testing requirements.",/home/jenholm/photonland/cghs/cghstc_34/data/external/m31_literature_audit/openalex_UGC07125.json,C,0,source_discovery_only,source_discovery_only,candidate source only; evidence not confirmed or extracted,Keep as discovery/provenance only unless another source points here.
98,KUG 1206+370,6,OpenAlex,https://doi.org/10.1051/0004-6361/202659331/pdf,SN 2017ati: A luminous type IIb explosion from a massive progenitor,2026.0,Springer Link (Chiba Institute of Technology),https://doi.org/10.1051/0004-6361/202659331/pdf,"We present optical photometric and spectroscopic observations of the Type IIb supernova (SN) 2017ati. It reached maximum light about 27 d after explosion, and the light curve shows a broad, luminous peak with an absolute r-band magnitude of M_ r = -18.48 ± 0.16 mag. At about 50 d after maximum light, SN 2017ati exhibited a decline rate close to that expected from the 56 Co ̊ightarrow$ $^ 56 Fe radioactive decay, at 0.98 mag per 100 days, as is usually observed in SNe IIb. However, it remains systematically brighter at late times by about 1--2 mag, exceeding the usual upper luminosity range of this class. As a result, modelling the light curve of SN 2017ati with a standard 56 Ni decay scenario requires a large nickel mass of up to łambdałambda6300,6364 doublet implies an oxygen mass of sim1.82-3.34,M_⊙, and the combination of a and still fails to reproduce the early-time light curve adequately. In contrast, incorporating additional energy input from a magnetar yields a significantly improved fit to the light curve of SN 2017ati, which would reduce the nickel mass to sim0.21,M_⊙, which is still close to the upper end of the range typically inferred for SNe IIb. Comparing the fitted results of SN 2017ati with the known sample of SNe IIb indicates that its luminosity evolution is best explained by a combination of neutron star spin-down energy and radioactive nickel deposition. From late-time nebular spectra of SN 2017ati, the luminosity of the / flux ratio of sim0.5 with nebular spectral model comparisons favours a progenitor zero-age main-sequence mass of geq17,M_⊙.",/home/jenholm/photonland/cghs/cghstc_34/data/external/m31_literature_audit/openalex_KUG_1206_370.json,C,0,source_discovery_only,source_discovery_only,candidate source only; evidence not confirmed or extracted,Keep as discovery/provenance only unless another source points here.
